{
  "combo_0": {
    "params": {
      "candidate_prob": 1.0,
      "swap_prob": 0.0,
      "cooling_rate": 0.9,
      "initial_temp": 5.0,
      "weight_play": 0.1,
      "weight_ref": 10.0,
      "violation_penalty": 1000000.0,
      "priority_multiplier": 100,
      "max_iterations": 100
    },
    "success_rate": 0.8,
    "avg_attempts": 1057.9,
    "min_attempts": 162,
    "max_attempts": 2000,
    "raw_attempts": [
      2000,
      1350,
      2000,
      2000,
      1188,
      1494,
      252,
      702,
      180,
      630,
      864,
      2000,
      1206,
      162,
      684,
      576,
      432,
      1224,
      990,
      1224
    ],
    "durations": [
      5.335585117340088,
      3.638547897338867,
      5.268158197402954,
      5.205798387527466,
      3.154395580291748,
      3.8439252376556396,
      0.6446657180786133,
      1.8598384857177734,
      0.4634363651275635,
      1.7058348655700684,
      2.24649715423584,
      5.306562185287476,
      3.0974361896514893,
      0.4100039005279541,
      1.8987841606140137,
      1.4896469116210938,
      1.140202283859253,
      3.2304611206054688,
      2.578372001647949,
      3.245319366455078
    ]
  },
  "combo_1": {
    "params": {
      "candidate_prob": 1.0,
      "swap_prob": 0.0,
      "cooling_rate": 0.9,
      "initial_temp": 5.0,
      "weight_play": 0.1,
      "weight_ref": 10.0,
      "violation_penalty": 1000000.0,
      "priority_multiplier": 100,
      "max_iterations": 250
    },
    "success_rate": 0.9,
    "avg_attempts": 717.5,
    "min_attempts": 36,
    "max_attempts": 2016,
    "raw_attempts": [
      162,
      2000,
      1818,
      216,
      342,
      774,
      36,
      810,
      522,
      270,
      2000,
      630,
      2016,
      234,
      306,
      342,
      468,
      576,
      180,
      648
    ],
    "durations": [
      0.5562319755554199,
      6.856297731399536,
      6.169151067733765,
      0.7089557647705078,
      1.185267686843872,
      2.5907890796661377,
      0.11904478073120117,
      2.7878544330596924,
      1.7574059963226318,
      0.921588659286499,
      6.943602561950684,
      2.1737592220306396,
      6.90835976600647,
      0.812326192855835,
      1.1627354621887207,
      1.213285207748413,
      1.5859124660491943,
      2.055440664291382,
      0.6260128021240234,
      2.2302050590515137
    ]
  },
  "combo_2": {
    "params": {
      "candidate_prob": 1.0,
      "swap_prob": 0.0,
      "cooling_rate": 0.9,
      "initial_temp": 5.0,
      "weight_play": 0.1,
      "weight_ref": 10.0,
      "violation_penalty": 1000000.0,
      "priority_multiplier": 100,
      "max_iterations": 500
    },
    "success_rate": 1.0,
    "avg_attempts": 467.1,
    "min_attempts": 18,
    "max_attempts": 1368,
    "raw_attempts": [
      612,
      1062,
      756,
      234,
      414,
      126,
      666,
      126,
      684,
      216,
      486,
      234,
      306,
      18,
      702,
      1368,
      90,
      378,
      792,
      72
    ],
    "durations": [
      2.918846845626831,
      5.053882122039795,
      3.5539612770080566,
      1.123645544052124,
      2.012903928756714,
      0.6021568775177002,
      3.222421884536743,
      0.6122958660125732,
      3.2602901458740234,
      1.0318403244018555,
      2.3070268630981445,
      1.1004948616027832,
      1.4418537616729736,
      0.0872499942779541,
      3.357938289642334,
      6.5462646484375,
      0.42706918716430664,
      1.827474594116211,
      3.7994863986968994,
      0.36229395866394043
    ]
  },
  "combo_3": {
    "params": {
      "candidate_prob": 1.0,
      "swap_prob": 0.0,
      "cooling_rate": 0.9,
      "initial_temp": 5.0,
      "weight_play": 0.1,
      "weight_ref": 10.0,
      "violation_penalty": 1000000.0,
      "priority_multiplier": 100,
      "max_iterations": 1000
    },
    "success_rate": 1.0,
    "avg_attempts": 423.9,
    "min_attempts": 18,
    "max_attempts": 1512,
    "raw_attempts": [
      684,
      18,
      108,
      846,
      324,
      108,
      234,
      198,
      846,
      36,
      1512,
      432,
      162,
      18,
      936,
      972,
      126,
      54,
      612,
      252
    ],
    "durations": [
      5.266881465911865,
      0.1344294548034668,
      0.83310866355896,
      6.526453733444214,
      2.513984203338623,
      0.818648099899292,
      1.79292893409729,
      1.5164031982421875,
      6.462800979614258,
      0.26703906059265137,
      11.582134008407593,
      3.37611985206604,
      1.2353644371032715,
      0.13980364799499512,
      7.1889488697052,
      7.51671838760376,
      0.9822132587432861,
      0.41788434982299805,
      4.714071035385132,
      1.9366490840911865
    ]
  }
}