{
  "combo_0": {
    "params": {
      "candidate_prob": 0.5,
      "swap_prob": 0.5,
      "cooling_rate": 0.95,
      "initial_temp": 10.0,
      "weight_play": 1.0,
      "weight_ref": 10.0,
      "violation_penalty": 10000000.0,
      "priority_multiplier": 100
    },
    "success_rate": 1.0,
    "avg_attempts": 910.8,
    "min_attempts": 18,
    "max_attempts": 1908,
    "raw_attempts": [
      324,
      360,
      270,
      18,
      1746,
      1872,
      1494,
      1908,
      864,
      252
    ],
    "durations": [
      0.9914126396179199,
      1.0661745071411133,
      0.7973973751068115,
      0.056604862213134766,
      5.289080619812012,
      5.624814033508301,
      4.396138906478882,
      5.732424974441528,
      2.5412168502807617,
      0.7630186080932617
    ]
  },
  "combo_1": {
    "params": {
      "candidate_prob": 1.0,
      "swap_prob": 0.0,
      "cooling_rate": 0.9,
      "initial_temp": 5.0,
      "weight_play": 0.1,
      "weight_ref": 10.0,
      "violation_penalty": 100000.0,
      "priority_multiplier": 10
    },
    "success_rate": 1.0,
    "avg_attempts": 907.2,
    "min_attempts": 54,
    "max_attempts": 1980,
    "raw_attempts": [
      234,
      630,
      504,
      702,
      1926,
      90,
      54,
      1332,
      1980,
      1620
    ],
    "durations": [
      0.8553075790405273,
      2.353391647338867,
      1.8277685642242432,
      2.6356282234191895,
      7.11887264251709,
      0.3341224193572998,
      0.18453407287597656,
      4.8052074909210205,
      7.212649583816528,
      5.8686683177948
    ]
  },
  "combo_2": {
    "params": {
      "candidate_prob": 1.0,
      "swap_prob": 0.0,
      "cooling_rate": 0.9,
      "initial_temp": 5.0,
      "weight_play": 0.1,
      "weight_ref": 10.0,
      "violation_penalty": 100000.0,
      "priority_multiplier": 100
    },
    "success_rate": 0.9,
    "avg_attempts": 592.4,
    "min_attempts": 108,
    "max_attempts": 2000,
    "raw_attempts": [
      936,
      774,
      2000,
      108,
      234,
      486,
      504,
      126,
      342,
      414
    ],
    "durations": [
      3.520087480545044,
      2.8186473846435547,
      7.452126502990723,
      0.37638211250305176,
      0.8666660785675049,
      1.7540290355682373,
      1.906388759613037,
      0.45385169982910156,
      1.3144001960754395,
      1.5083420276641846
    ]
  },
  "combo_3": {
    "params": {
      "candidate_prob": 1.0,
      "swap_prob": 0.0,
      "cooling_rate": 0.9,
      "initial_temp": 5.0,
      "weight_play": 0.1,
      "weight_ref": 10.0,
      "violation_penalty": 100000.0,
      "priority_multiplier": 1000
    },
    "success_rate": 0.9,
    "avg_attempts": 750.8,
    "min_attempts": 72,
    "max_attempts": 2000,
    "raw_attempts": [
      810,
      2000,
      1728,
      630,
      540,
      306,
      810,
      72,
      270,
      342
    ],
    "durations": [
      2.968383550643921,
      7.461893081665039,
      6.284827470779419,
      2.320233106613159,
      1.986633539199829,
      1.1358006000518799,
      3.0200977325439453,
      0.2642819881439209,
      0.9955463409423828,
      1.2468371391296387
    ]
  },
  "combo_4": {
    "params": {
      "candidate_prob": 1.0,
      "swap_prob": 0.0,
      "cooling_rate": 0.9,
      "initial_temp": 5.0,
      "weight_play": 0.1,
      "weight_ref": 10.0,
      "violation_penalty": 1000000.0,
      "priority_multiplier": 10
    },
    "success_rate": 1.0,
    "avg_attempts": 783.0,
    "min_attempts": 306,
    "max_attempts": 1800,
    "raw_attempts": [
      1278,
      504,
      1800,
      324,
      306,
      810,
      810,
      540,
      468,
      990
    ],
    "durations": [
      4.726405143737793,
      1.8163034915924072,
      6.5267558097839355,
      1.1707346439361572,
      1.0840399265289307,
      2.9355976581573486,
      3.0123844146728516,
      2.0016274452209473,
      1.7205893993377686,
      3.6267638206481934
    ]
  },
  "combo_5": {
    "params": {
      "candidate_prob": 1.0,
      "swap_prob": 0.0,
      "cooling_rate": 0.9,
      "initial_temp": 5.0,
      "weight_play": 0.1,
      "weight_ref": 10.0,
      "violation_penalty": 1000000.0,
      "priority_multiplier": 100
    },
    "success_rate": 1.0,
    "avg_attempts": 351.0,
    "min_attempts": 54,
    "max_attempts": 864,
    "raw_attempts": [
      108,
      702,
      234,
      576,
      54,
      90,
      270,
      252,
      864,
      360
    ],
    "durations": [
      0.39771366119384766,
      2.544976234436035,
      0.8559634685516357,
      2.068845272064209,
      0.20151519775390625,
      0.33555173873901367,
      0.9954006671905518,
      0.9038224220275879,
      3.207425117492676,
      1.3291051387786865
    ]
  },
  "combo_6": {
    "params": {
      "candidate_prob": 1.0,
      "swap_prob": 0.0,
      "cooling_rate": 0.9,
      "initial_temp": 5.0,
      "weight_play": 0.1,
      "weight_ref": 10.0,
      "violation_penalty": 1000000.0,
      "priority_multiplier": 1000
    },
    "success_rate": 0.9,
    "avg_attempts": 709.4,
    "min_attempts": 180,
    "max_attempts": 2000,
    "raw_attempts": [
      594,
      1494,
      270,
      756,
      180,
      324,
      1062,
      234,
      180,
      2000
    ],
    "durations": [
      2.158838987350464,
      5.434645414352417,
      0.9529635906219482,
      2.743502140045166,
      0.6552042961120605,
      1.1790478229522705,
      3.9500741958618164,
      0.8616282939910889,
      0.6801855564117432,
      7.512903451919556
    ]
  },
  "combo_7": {
    "params": {
      "candidate_prob": 1.0,
      "swap_prob": 0.0,
      "cooling_rate": 0.9,
      "initial_temp": 5.0,
      "weight_play": 0.1,
      "weight_ref": 10.0,
      "violation_penalty": 10000000.0,
      "priority_multiplier": 10
    },
    "success_rate": 1.0,
    "avg_attempts": 525.6,
    "min_attempts": 54,
    "max_attempts": 1512,
    "raw_attempts": [
      144,
      414,
      162,
      1512,
      1350,
      306,
      72,
      54,
      1170,
      72
    ],
    "durations": [
      0.5317666530609131,
      1.5022592544555664,
      0.5719239711761475,
      5.651755332946777,
      5.024980783462524,
      1.1315441131591797,
      0.2774038314819336,
      0.19591808319091797,
      4.2937328815460205,
      0.2730257511138916
    ]
  },
  "combo_8": {
    "params": {
      "candidate_prob": 1.0,
      "swap_prob": 0.0,
      "cooling_rate": 0.9,
      "initial_temp": 5.0,
      "weight_play": 0.1,
      "weight_ref": 10.0,
      "violation_penalty": 10000000.0,
      "priority_multiplier": 100
    },
    "success_rate": 1.0,
    "avg_attempts": 675.0,
    "min_attempts": 18,
    "max_attempts": 1746,
    "raw_attempts": [
      18,
      1008,
      18,
      504,
      972,
      1746,
      432,
      252,
      1458,
      342
    ],
    "durations": [
      0.07259845733642578,
      3.642683267593384,
      0.06251049041748047,
      1.908334732055664,
      3.5521774291992188,
      6.4265642166137695,
      1.5881304740905762,
      0.9325661659240723,
      5.434613227844238,
      1.2526066303253174
    ]
  },
  "combo_9": {
    "params": {
      "candidate_prob": 1.0,
      "swap_prob": 0.0,
      "cooling_rate": 0.9,
      "initial_temp": 5.0,
      "weight_play": 0.1,
      "weight_ref": 10.0,
      "violation_penalty": 10000000.0,
      "priority_multiplier": 1000
    },
    "success_rate": 1.0,
    "avg_attempts": 536.4,
    "min_attempts": 54,
    "max_attempts": 1296,
    "raw_attempts": [
      378,
      792,
      180,
      360,
      1296,
      396,
      360,
      1098,
      54,
      450
    ],
    "durations": [
      1.36572265625,
      2.903782367706299,
      0.6596078872680664,
      1.3310511112213135,
      4.776875972747803,
      1.4414539337158203,
      1.3178207874298096,
      4.003960847854614,
      0.20245099067687988,
      1.6597166061401367
    ]
  },